Group,Version,Source_MAC
ff02::1:ff28:ad81,IPv6,84:0b:bb:3c:b9:88
224.0.0.22,IPv4,84:0b:bb:3c:b9:88
ff02::1,IPv6,84:0b:bb:3c:b9:88
224.0.0.1,IPv4,84:0b:bb:3c:b9:88
ff02::1:2,IPv6,84:0b:bb:3c:b9:88
ff02::1:ff00:0,IPv6,84:0b:bb:3c:b9:88
ff02::fb,IPv6,4a:b9:c0:d1:ab:0c
ff02::1:ff0b:ff2,IPv6,96:c3:af:0b:0f:f2
ff02::c,IPv6,60:cf:84:b6:a0:63
ff02::1:3,IPv6,60:cf:84:b6:a0:63
ff02::1:ffa1:2f47,IPv6,60:cf:84:b6:a0:63
ff02::1:ffbd:713a,IPv6,60:cf:84:b6:a0:63
ff02::1:fffe:b26e,IPv6,60:cf:84:b6:a0:63
ff02::1:ff56:14a2,IPv6,a4:63:a1:4d:e1:ab
ff02::1:ffad:ffd3,IPv6,a4:63:a1:4d:e1:ab
ff02::1:ffe6:38b7,IPv6,a4:63:a1:4d:e1:ab
ff02::1:ffd1:ab0c,IPv6,4a:b9:c0:d1:ab:0c
ff05::1:3,IPv6,84:0b:bb:3c:b9:88
ff02::fb,IPv6,96:c3:af:0b:0f:f2
ff02::1:ff3c:b988,IPv6,84:0b:bb:3c:b9:88
ff02::2,IPv6,84:0b:bb:3c:b9:88
ff02::1:ff28:ad81,IPv6,4a:b9:c0:d1:ab:0c
224.0.0.251,IPv4,a4:63:a1:4d:e1:ab
224.0.0.252,IPv4,a4:63:a1:4d:e1:ab
239.255.255.250,IPv4,a4:63:a1:4d:e1:ab
